2018/12/03 14:55:19;26.50
2018/12/03 14:55:59;27.91
2018/12/03 14:56:39;27.91
2018/12/03 15:20:14;-273.15
2018/12/03 15:22:59;-273.15
2018/12/03 15:23:39;-30.77
2018/12/03 15:24:19;-273.15
2018/12/03 15:24:59;-30.77
2018/12/03 15:25:40;-30.77
2018/12/03 15:26:19;-33.67
2018/12/03 15:30:59;-273.15
2018/12/03 15:34:19;-273.15
2018/12/03 15:34:59;-273.15
2018/12/03 15:36:19;-273.15
2018/12/03 15:36:59;-37.14
2018/12/03 15:37:39;-273.15
2018/12/03 15:38:59;-30.77
2018/12/03 15:39:39;-33.67
2018/12/03 15:40:19;-273.15
2018/12/03 15:40:59;-273.15
2018/12/03 15:41:39;-30.77
2018/12/03 15:43:39;-273.15
2018/12/03 15:44:19;-30.77
2018/12/03 15:44:59;-30.77
2018/12/03 15:47:39;-273.15
2018/12/03 15:48:19;-30.77
2018/12/03 15:49:39;-30.77
2018/12/03 16:31:49;25.01
2018/12/03 16:32:28;26.29
2018/12/03 16:33:08;26.29
2018/12/03 16:33:48;25.01
2018/12/03 16:34:28;26.29
2018/12/03 16:35:08;25.01
2018/12/03 16:35:48;25.01
2018/12/03 16:36:28;26.29
2018/12/03 16:37:08;25.01
2018/12/03 16:37:48;25.01
2018/12/03 16:38:28;25.87
2018/12/03 16:39:09;25.01
2018/12/03 16:39:48;26.29
2018/12/03 16:40:28;25.01
2018/12/03 16:41:08;25.01
2018/12/03 16:41:48;25.01
2018/12/03 16:42:28;26.29
2018/12/03 16:43:08;25.01
2018/12/03 16:43:48;26.29
2018/12/03 16:44:28;25.01
2018/12/03 16:45:08;25.01
2018/12/03 16:45:48;26.29
2018/12/03 16:47:08;25.01
2018/12/03 16:47:48;26.29
2018/12/03 16:48:28;26.29
2018/12/03 16:49:08;26.29
2018/12/03 16:49:48;25.01
2018/12/03 16:50:28;25.01
2018/12/03 16:51:08;26.29
2018/12/03 16:51:48;25.01
2018/12/03 16:52:28;26.29
2018/12/03 16:53:08;25.01
2018/12/03 16:53:51;25.01
2018/12/03 16:54:28;26.29
2018/12/03 16:55:08;25.01
2018/12/03 16:55:48;26.29
2018/12/03 16:56:28;26.50
2018/12/03 16:57:08;25.44
2018/12/03 16:57:48;25.01
2018/12/03 16:58:28;26.29
2018/12/03 16:59:08;26.29
2018/12/03 16:59:48;26.29
2018/12/03 17:00:28;25.01
2018/12/03 17:01:08;26.50
2018/12/03 17:01:48;26.29
2018/12/03 17:02:29;25.01
2018/12/03 17:03:08;25.01
2018/12/03 17:03:48;26.29
2018/12/03 17:04:28;26.29
2018/12/03 17:05:08;25.01
2018/12/03 17:05:48;25.01
2018/12/03 17:06:28;25.01
2018/12/03 17:07:08;26.29
2018/12/03 17:07:48;25.44
2018/12/03 17:08:28;25.01
2018/12/03 17:09:08;25.01
2018/12/03 17:09:48;26.29
2018/12/03 17:10:28;25.01
2018/12/03 17:11:08;25.01
2018/12/03 17:11:48;26.29
2018/12/03 17:12:28;26.29
2018/12/03 17:13:08;25.44
2018/12/03 17:13:48;26.29
2018/12/03 17:14:28;26.29
2018/12/03 17:15:08;26.29
2018/12/03 17:15:48;26.29
2018/12/03 17:16:28;26.29
2018/12/03 17:17:08;26.29
2018/12/03 17:17:48;26.29
2018/12/03 17:18:28;25.01
2018/12/03 17:19:08;26.29
2018/12/03 17:19:48;25.01
2018/12/03 17:20:28;25.01
2018/12/03 17:21:08;25.01
2018/12/03 17:21:48;25.01
2018/12/03 17:22:28;26.29
2018/12/03 17:23:48;25.01
2018/12/03 17:24:28;25.01
2018/12/03 17:25:08;25.01
2018/12/03 17:25:48;25.01
2018/12/03 17:26:28;26.29
2018/12/03 17:27:08;25.01
2018/12/03 17:27:48;25.01
2018/12/03 17:28:28;26.29
2018/12/03 17:29:08;25.01
2018/12/03 17:29:48;26.29
2018/12/03 17:30:28;25.01
2018/12/03 17:31:08;25.01
2018/12/03 17:31:48;26.29
2018/12/03 17:32:28;26.29
2018/12/03 17:33:08;26.29
2018/12/03 17:33:48;25.01
2018/12/03 17:34:28;25.01
2018/12/03 17:35:08;26.50
2018/12/03 17:35:48;25.01
2018/12/03 17:36:28;26.08
2018/12/03 17:37:08;26.50
2018/12/03 17:37:48;26.50
2018/12/03 17:38:28;26.29
2018/12/03 17:39:08;26.29
2018/12/03 17:39:48;25.01
2018/12/03 17:40:28;26.29
2018/12/03 17:41:08;26.29
2018/12/03 17:41:48;26.08
2018/12/03 17:42:28;26.29
2018/12/03 17:43:08;25.01
2018/12/03 17:43:48;26.29
2018/12/03 17:44:28;26.29
2018/12/03 17:45:11;25.01
2018/12/03 17:45:48;25.01
2018/12/03 17:46:28;25.01
2018/12/03 17:47:08;26.08
2018/12/03 17:47:48;26.29
2018/12/03 17:48:28;25.01
2018/12/03 17:49:08;26.29
2018/12/03 17:49:48;26.29
2018/12/03 17:50:28;25.01
2018/12/03 17:51:08;25.01
2018/12/03 17:51:48;26.29
2018/12/03 17:52:28;25.87
2018/12/03 17:53:08;26.29
2018/12/03 17:53:48;25.01
2018/12/03 17:54:28;26.29
2018/12/03 17:55:08;26.29
2018/12/03 17:55:48;25.01
2018/12/03 17:56:28;26.29
2018/12/03 17:57:08;26.29
2018/12/03 17:57:48;25.01
2018/12/03 17:58:28;25.01
2018/12/03 17:59:08;26.29
2018/12/03 17:59:48;26.29
2018/12/03 18:00:28;26.29
2018/12/03 18:01:08;25.01
2018/12/03 18:01:48;26.29
2018/12/03 18:02:28;26.29
2018/12/03 18:03:08;25.01
2018/12/03 18:03:48;26.29
2018/12/03 18:04:28;26.29
2018/12/03 18:05:08;26.29
2018/12/03 18:05:48;24.79
2018/12/03 18:06:28;25.01
2018/12/03 18:07:08;25.01
2018/12/03 18:07:48;25.23
2018/12/03 18:08:28;25.66
2018/12/03 18:09:08;26.29
2018/12/03 18:09:48;26.29
2018/12/03 18:10:28;26.29
2018/12/03 18:11:08;26.29
2018/12/03 18:11:48;25.01
2018/12/03 18:12:28;26.29
2018/12/03 18:13:08;26.29
2018/12/03 18:13:48;25.66
2018/12/03 18:14:28;26.29
2018/12/03 18:15:08;26.29
2018/12/03 18:15:48;25.01
2018/12/03 18:16:28;26.29
2018/12/03 18:17:08;25.01
2018/12/03 18:17:48;26.29
2018/12/03 18:18:28;26.29
2018/12/03 18:19:08;25.66
2018/12/03 18:19:48;26.29
2018/12/03 18:20:28;26.29
2018/12/03 18:21:08;26.29
2018/12/03 18:21:48;26.29
2018/12/03 18:22:28;25.01
2018/12/03 18:23:08;26.29
2018/12/03 18:23:48;26.29
2018/12/03 18:24:28;25.66
2018/12/03 18:25:08;26.50
2018/12/03 18:25:48;26.29
2018/12/03 18:26:28;26.50
2018/12/03 18:27:08;26.29
2018/12/03 18:27:48;25.01
2018/12/03 18:28:28;25.01
2018/12/03 18:29:08;26.29
2018/12/03 18:29:48;25.66
2018/12/03 18:30:28;25.01
2018/12/03 18:31:08;26.29
2018/12/03 18:31:48;26.29
2018/12/03 18:32:28;26.29
2018/12/03 18:33:08;25.01
2018/12/03 18:33:48;26.29
2018/12/03 18:34:28;26.50
2018/12/03 18:35:08;25.66
2018/12/03 18:35:48;26.29
2018/12/03 18:36:28;26.29
2018/12/03 18:37:08;26.29
2018/12/03 18:37:48;26.29
2018/12/03 18:38:28;25.01
2018/12/03 18:39:08;26.29
2018/12/03 18:39:48;25.44
2018/12/03 18:40:28;25.44
2018/12/03 18:41:08;26.29
2018/12/03 18:41:48;26.29
2018/12/03 18:42:28;26.29
2018/12/03 18:43:08;26.29
2018/12/03 18:43:48;25.01
2018/12/03 18:44:28;26.29
2018/12/03 18:45:08;26.29
2018/12/03 18:45:48;25.44
2018/12/03 18:46:28;26.29
2018/12/03 18:47:08;26.29
2018/12/03 18:47:48;26.29
2018/12/03 18:48:28;26.29
2018/12/03 18:49:08;25.01
2018/12/03 18:49:48;26.29
2018/12/03 18:50:28;26.29
2018/12/03 18:51:08;25.44
2018/12/03 18:51:49;26.29
2018/12/03 18:52:28;26.29
2018/12/03 18:53:08;26.08
2018/12/03 18:53:48;26.29
2018/12/03 18:54:28;25.01
2018/12/03 18:55:08;26.29
2018/12/03 18:55:48;26.29
2018/12/03 18:56:28;25.01
2018/12/03 18:57:08;26.29
2018/12/03 18:57:48;25.01
2018/12/03 18:58:28;26.08
2018/12/03 18:59:08;26.29
2018/12/03 18:59:48;26.29
2018/12/03 19:00:28;26.29
2018/12/03 19:01:08;25.01
2018/12/03 19:01:48;25.01
2018/12/03 19:02:28;26.29
2018/12/03 19:03:08;25.01
2018/12/03 19:03:48;26.08
2018/12/03 19:04:28;26.29
2018/12/03 19:05:08;25.01
2018/12/03 19:05:48;26.29
2018/12/03 19:06:28;25.01
2018/12/03 19:07:08;25.01
2018/12/03 19:07:48;25.01
2018/12/03 19:08:28;24.79
2018/12/03 19:09:08;26.08
2018/12/03 19:09:48;26.29
2018/12/03 19:10:28;25.01
2018/12/03 19:11:08;26.29
2018/12/03 19:11:48;26.29
2018/12/03 19:12:28;25.01
2018/12/03 19:13:08;26.29
2018/12/03 19:13:48;26.29
2018/12/03 19:14:28;25.87
2018/12/03 19:15:08;26.29
2018/12/03 19:15:48;26.29
2018/12/03 19:16:28;25.01
2018/12/03 19:17:08;26.29
2018/12/03 19:17:48;25.01
2018/12/03 19:18:28;25.01
2018/12/03 19:19:08;26.29
2018/12/03 19:19:48;25.87
2018/12/03 19:20:28;26.29
2018/12/03 19:21:08;26.29
2018/12/03 19:21:48;26.29
2018/12/03 19:22:28;26.29
2018/12/03 19:23:08;25.01
2018/12/03 19:23:48;26.29
2018/12/03 19:24:28;26.29
2018/12/03 19:25:08;26.08
2018/12/03 19:25:48;26.29
2018/12/03 19:26:28;26.29
2018/12/03 19:27:08;26.29
2018/12/03 19:27:48;26.29
2018/12/03 19:28:28;25.01
2018/12/03 19:29:08;26.29
2018/12/03 19:29:48;26.29
2018/12/03 19:30:28;25.87
2018/12/03 19:31:08;25.87
2018/12/03 19:31:48;26.29
2018/12/03 19:32:28;26.29
2018/12/03 19:33:08;26.29
2018/12/03 19:33:48;25.01
2018/12/03 19:34:28;26.29
2018/12/03 19:35:08;26.29
2018/12/03 19:35:48;25.87
2018/12/03 19:36:28;26.29
2018/12/03 19:37:08;26.29
2018/12/03 19:37:48;25.01
2018/12/03 19:38:28;26.29
2018/12/03 19:39:08;25.01
2018/12/03 19:39:49;26.29
2018/12/03 19:40:28;26.29
2018/12/03 19:41:08;25.87
2018/12/03 19:41:48;26.29
2018/12/03 19:42:28;26.29
2018/12/03 19:43:08;26.29
2018/12/03 19:43:48;26.29
2018/12/03 19:44:28;25.01
2018/12/03 19:45:08;26.29
2018/12/03 19:45:48;26.29
2018/12/03 19:46:28;25.66
2018/12/03 19:47:08;26.29
2018/12/03 19:47:48;26.29
2018/12/03 19:48:28;25.01
2018/12/03 19:49:08;26.29
2018/12/03 19:49:48;25.01
2018/12/03 19:50:28;26.29
2018/12/03 19:51:08;26.29
2018/12/03 19:51:48;25.66
2018/12/03 19:52:28;26.29
2018/12/03 19:53:08;26.29
2018/12/03 19:53:48;26.29
2018/12/03 19:54:28;26.29
2018/12/03 19:55:08;25.01
2018/12/03 19:55:48;26.29
2018/12/03 19:56:28;26.29
2018/12/03 19:57:08;25.01
2018/12/03 19:57:48;26.29
2018/12/03 19:58:28;26.29
2018/12/03 19:59:08;26.29
2018/12/03 19:59:48;26.29
2018/12/03 20:00:28;25.01
2018/12/03 20:01:08;26.29
2018/12/03 20:01:48;26.29
2018/12/03 20:02:28;25.44
2018/12/03 20:03:08;26.29
2018/12/03 20:03:48;26.29
2018/12/03 20:04:28;26.29
2018/12/03 20:05:08;26.29
2018/12/03 20:05:48;25.01
2018/12/03 20:06:29;26.29
2018/12/03 20:07:08;26.29
2018/12/03 20:07:48;25.66
2018/12/03 20:08:28;26.29
2018/12/03 20:09:08;26.29
2018/12/03 20:09:48;26.29
2018/12/03 20:10:28;25.87
2018/12/03 20:11:08;25.01
2018/12/03 20:11:48;26.29
2018/12/03 20:12:28;26.29
2018/12/03 20:13:08;25.44
2018/12/03 20:13:48;26.29
2018/12/03 20:14:28;25.23
2018/12/03 20:15:08;26.29
2018/12/03 20:15:48;26.29
2018/12/03 20:16:28;25.01
2018/12/03 20:17:08;26.29
2018/12/03 20:17:48;26.29
2018/12/03 20:18:28;25.44
2018/12/03 20:19:08;26.29
2018/12/03 20:19:48;26.29
2018/12/03 20:20:28;26.29
2018/12/03 20:21:08;26.29
2018/12/03 20:21:48;25.01
2018/12/03 20:22:28;26.29
2018/12/03 20:23:08;25.01
2018/12/03 20:23:48;25.01
2018/12/03 20:24:28;26.29
2018/12/03 20:25:08;26.50
2018/12/03 20:25:48;26.29
2018/12/03 20:26:28;26.29
2018/12/03 20:27:08;26.29
2018/12/03 20:27:48;26.50
2018/12/03 20:28:28;26.29
2018/12/03 20:45:48;25.01
2018/12/03 20:46:28;26.29
2018/12/03 20:47:08;26.29
2018/12/03 20:47:48;25.44
2018/12/03 20:48:28;26.29
2018/12/03 20:49:08;25.01
2018/12/03 20:49:48;26.29
2018/12/03 20:50:28;26.29
2018/12/03 20:51:08;25.01
2018/12/03 20:51:48;26.50
2018/12/03 20:52:28;25.01
2018/12/03 20:53:08;25.01
2018/12/03 20:53:48;26.29
2018/12/03 20:54:28;26.29
2018/12/03 20:55:08;25.01
2018/12/03 20:55:48;26.29
2018/12/03 20:56:28;26.29
2018/12/03 20:57:08;26.29
2018/12/03 20:57:48;26.29
2018/12/03 20:58:28;25.01
2018/12/03 20:59:08;26.29
2018/12/03 20:59:48;26.29
2018/12/03 21:00:28;26.08
2018/12/03 21:01:08;26.29
2018/12/03 21:01:48;26.29
2018/12/03 21:02:28;26.29
2018/12/03 21:03:08;26.29
2018/12/03 21:03:48;25.01
2018/12/03 21:04:28;25.23
2018/12/03 21:05:08;26.29
2018/12/03 21:05:48;25.87
2018/12/03 21:06:28;26.29
2018/12/03 21:07:08;26.29
2018/12/03 21:07:48;26.50
2018/12/03 21:08:28;26.29
2018/12/03 21:09:08;25.01
2018/12/03 21:09:48;26.29
2018/12/03 21:10:28;26.29
2018/12/03 21:11:08;26.08
2018/12/03 21:11:48;26.29
2018/12/03 21:12:28;26.29
2018/12/03 21:13:08;26.29
2018/12/03 21:13:48;26.29
2018/12/03 21:14:28;25.23
2018/12/03 21:15:08;26.29
2018/12/03 21:15:48;26.29
2018/12/03 21:16:28;26.08
2018/12/03 21:17:08;26.29
2018/12/03 21:17:48;26.29
2018/12/03 21:18:28;26.29
2018/12/03 21:19:08;26.29
2018/12/03 21:19:48;25.01
2018/12/03 21:20:28;25.01
2018/12/03 21:21:08;26.29
2018/12/03 21:21:48;25.01
2018/12/03 21:22:28;26.29
2018/12/03 21:23:08;26.29
2018/12/03 21:23:48;26.29
2018/12/03 21:24:28;26.29
2018/12/03 21:25:08;25.01
2018/12/03 21:25:48;26.29
2018/12/03 21:26:28;26.29
2018/12/03 21:27:08;25.87
2018/12/03 21:27:58;26.29
2018/12/03 21:28:28;26.29
2018/12/03 21:29:08;26.29
2018/12/03 21:29:48;26.29
2018/12/03 21:30:28;25.01
2018/12/03 21:31:08;26.29
2018/12/03 21:31:48;26.29
2018/12/03 21:32:28;25.66
2018/12/03 21:33:08;26.29
2018/12/03 21:33:48;26.29
2018/12/03 21:34:28;26.29
2018/12/03 21:35:08;26.29
2018/12/03 21:35:48;25.01
2018/12/03 21:36:28;26.29
2018/12/03 21:37:08;26.29
2018/12/03 21:37:48;25.66
2018/12/03 21:38:28;26.29
2018/12/03 21:39:08;26.29
2018/12/03 21:39:48;26.29
2018/12/03 21:40:28;26.50
2018/12/03 21:41:08;25.01
2018/12/03 21:41:48;26.29
2018/12/03 21:42:28;26.29
2018/12/03 21:43:08;25.87
2018/12/03 21:43:50;26.29
2018/12/03 21:44:28;26.50
2018/12/03 21:45:08;26.29
2018/12/03 21:45:48;26.29
2018/12/03 21:46:28;25.01
2018/12/03 21:47:08;26.29
2018/12/03 21:47:48;25.01
2018/12/03 21:48:28;25.66
2018/12/03 21:49:08;26.29
2018/12/03 21:49:48;26.29
2018/12/03 21:50:28;26.29
2018/12/03 21:51:08;26.29
2018/12/03 21:51:48;25.01
2018/12/03 21:52:28;26.29
2018/12/03 21:53:08;26.29
2018/12/03 21:53:48;25.66
2018/12/03 21:54:28;26.29
2018/12/03 21:55:08;26.29
2018/12/03 21:55:48;26.50
2018/12/03 21:56:28;26.29
2018/12/03 21:57:08;25.01
2018/12/03 21:57:48;26.50
2018/12/03 21:58:28;25.01
2018/12/03 21:59:08;25.66
2018/12/03 21:59:48;26.29
2018/12/03 22:00:28;25.01
2018/12/03 22:01:08;25.01
2018/12/03 22:01:48;26.29
2018/12/03 22:02:28;25.01
2018/12/03 22:03:08;26.29
2018/12/03 22:03:48;26.29
2018/12/03 22:04:28;25.66
2018/12/03 22:05:08;26.29
2018/12/03 22:05:48;26.50
2018/12/03 22:06:28;26.29
2018/12/03 22:07:08;26.08
2018/12/03 22:07:48;25.01
2018/12/03 22:08:28;26.29
2018/12/03 22:09:08;26.29
2018/12/03 22:09:48;25.66
2018/12/03 22:10:28;26.29
2018/12/03 22:11:08;26.29
2018/12/03 22:11:48;26.29
2018/12/03 22:12:28;26.29
2018/12/03 22:13:08;25.01
2018/12/03 22:13:48;26.29
2018/12/03 22:14:28;26.29
2018/12/03 22:15:08;25.01
2018/12/03 22:15:48;25.01
2018/12/03 22:16:28;26.50
2018/12/03 22:17:08;26.29
2018/12/03 22:17:48;26.29
2018/12/03 22:18:28;25.01
2018/12/03 22:19:08;26.29
2018/12/03 22:19:48;26.29
2018/12/03 22:20:28;25.44
2018/12/03 22:21:08;26.29
2018/12/03 22:21:48;26.29
2018/12/03 22:22:28;26.08
2018/12/03 22:23:08;26.29
2018/12/03 22:23:48;26.50
2018/12/03 22:24:28;26.29
2018/12/03 22:25:08;26.50
2018/12/03 22:25:48;25.01
2018/12/03 22:26:28;26.29
2018/12/03 22:27:08;25.01
2018/12/03 22:27:48;26.29
2018/12/03 22:28:28;26.29
2018/12/03 22:29:08;26.29
2018/12/03 22:29:49;26.29
2018/12/03 22:30:28;26.29
2018/12/03 22:31:08;25.01
2018/12/03 22:31:48;25.01
2018/12/03 22:32:28;26.29
2018/12/03 22:33:08;26.08
2018/12/03 22:33:48;25.01
2018/12/03 22:34:28;26.29
2018/12/03 22:35:08;26.29
2018/12/03 22:35:48;25.01
2018/12/03 22:36:28;25.01
2018/12/03 22:37:08;26.29
2018/12/03 22:37:48;26.29
2018/12/03 22:38:28;26.08
2018/12/03 22:39:08;26.29
2018/12/03 22:39:48;26.29
2018/12/03 22:40:28;26.29
2018/12/03 22:41:08;26.29
2018/12/03 22:41:48;25.01
2018/12/03 22:42:28;26.29
2018/12/03 22:43:08;25.01
2018/12/03 22:43:48;26.08
2018/12/03 22:44:28;26.29
2018/12/03 22:45:08;26.29
2018/12/03 22:45:48;25.01
2018/12/03 22:46:28;26.29
2018/12/03 22:47:08;25.01
2018/12/03 22:47:48;26.50
2018/12/03 22:48:28;26.29
2018/12/03 22:49:08;25.01
2018/12/03 22:49:48;26.29
2018/12/03 22:50:28;26.29
2018/12/03 22:51:09;26.29
2018/12/03 22:51:48;26.29
2018/12/03 22:52:28;25.01
2018/12/03 22:53:08;26.29
2018/12/03 22:53:48;26.29
2018/12/03 22:54:28;25.01
2018/12/03 22:55:08;26.29
2018/12/03 22:55:48;26.29
2018/12/03 22:56:28;25.01
2018/12/03 22:57:08;26.29
2018/12/03 22:57:48;25.01
2018/12/03 22:58:28;26.29
2018/12/03 22:59:08;26.29
2018/12/03 22:59:48;25.87
2018/12/03 23:00:28;26.29
2018/12/03 23:01:08;25.01
2018/12/03 23:01:48;26.29
2018/12/03 23:02:28;26.29
2018/12/03 23:03:08;25.01
2018/12/03 23:03:48;26.29
2018/12/03 23:04:28;26.29
2018/12/03 23:05:08;25.87
2018/12/03 23:05:48;25.01
2018/12/03 23:06:28;26.29
2018/12/03 23:07:08;25.01
2018/12/03 23:07:48;26.29
2018/12/03 23:08:28;25.01
2018/12/03 23:09:08;25.01
2018/12/03 23:09:48;25.01
2018/12/03 23:10:28;25.87
2018/12/03 23:11:08;26.29
2018/12/03 23:11:48;26.29
2018/12/03 23:12:28;26.29
2018/12/03 23:13:08;25.01
2018/12/03 23:13:48;25.01
2018/12/03 23:14:28;26.29
2018/12/03 23:15:08;26.29
2018/12/03 23:15:48;25.87
2018/12/03 23:16:28;25.01
2018/12/03 23:17:08;26.29
2018/12/03 23:17:48;25.01
2018/12/03 23:18:28;26.29
2018/12/03 23:19:08;25.01
2018/12/03 23:19:48;25.01
2018/12/03 23:20:28;25.23
2018/12/03 23:21:08;25.87
2018/12/03 23:21:48;26.29
2018/12/03 23:22:28;26.29
2018/12/03 23:23:08;26.29
2018/12/03 23:23:48;25.01
2018/12/03 23:24:28;25.01
2018/12/03 23:25:08;26.29
2018/12/03 23:25:48;26.29
2018/12/03 23:26:28;25.66
2018/12/03 23:27:08;26.29
2018/12/03 23:27:48;26.29
2018/12/03 23:28:28;25.01
2018/12/03 23:29:08;26.29
2018/12/03 23:29:48;25.01
2018/12/03 23:30:28;26.29
2018/12/03 23:31:08;26.29
2018/12/03 23:31:48;25.66
2018/12/03 23:32:28;25.01
2018/12/03 23:33:08;26.50
2018/12/03 23:33:48;26.29
2018/12/03 23:34:28;25.01
2018/12/03 23:35:08;25.01
2018/12/03 23:35:48;26.29
2018/12/03 23:36:28;25.01
2018/12/03 23:37:08;25.66
2018/12/03 23:37:48;26.29
2018/12/03 23:38:28;26.29
2018/12/03 23:39:08;25.01
2018/12/03 23:39:48;26.29
2018/12/03 23:40:28;25.01
2018/12/03 23:41:08;26.50
2018/12/03 23:41:48;26.29
2018/12/03 23:42:28;25.44
2018/12/03 23:43:08;26.29
2018/12/03 23:43:48;25.01
2018/12/03 23:44:28;26.29
2018/12/03 23:45:08;26.29
2018/12/03 23:45:48;25.01
2018/12/03 23:46:29;26.29
2018/12/03 23:47:08;26.29
2018/12/03 23:47:48;25.44
2018/12/03 23:48:28;26.29
2018/12/03 23:49:08;26.29
2018/12/03 23:49:48;26.29
2018/12/03 23:50:28;26.29
2018/12/03 23:51:08;25.01
2018/12/03 23:51:48;25.01
2018/12/03 23:52:28;25.01
2018/12/03 23:53:08;25.44
2018/12/03 23:53:48;26.29
2018/12/03 23:54:28;26.29
2018/12/03 23:55:08;25.01
2018/12/03 23:55:48;26.29
2018/12/03 23:56:28;25.01
2018/12/03 23:57:08;26.29
2018/12/03 23:57:48;26.29
2018/12/03 23:58:28;25.44
2018/12/03 23:59:08;26.29
2018/12/03 23:59:48;26.29
2018/12/04 00:00:28;26.29
2018/12/04 00:01:08;26.29
2018/12/04 00:01:48;26.29
2018/12/04 00:02:28;26.29
2018/12/04 00:03:08;26.29
2018/12/04 00:03:48;25.01
2018/12/04 00:04:28;26.29
2018/12/04 00:05:08;26.29
2018/12/04 00:05:48;26.08
2018/12/04 00:06:28;25.01
2018/12/04 00:07:08;25.01
2018/12/04 00:07:48;26.29
2018/12/04 00:08:28;25.23
2018/12/04 00:09:08;25.01
2018/12/04 00:09:48;26.29
2018/12/04 00:10:28;24.79
2018/12/04 00:11:08;26.08
2018/12/04 00:11:48;26.29
2018/12/04 00:12:28;26.29
2018/12/04 00:13:08;25.01
2018/12/04 00:13:48;26.29
2018/12/04 00:14:28;25.01
2018/12/04 00:15:08;26.29
2018/12/04 00:15:48;26.50
2018/12/04 00:16:28;25.01
2018/12/04 00:17:08;26.29
2018/12/04 00:17:48;26.29
2018/12/04 00:18:28;26.29
2018/12/04 00:19:08;25.01
2018/12/04 00:19:48;25.01
2018/12/04 00:20:28;26.29
2018/12/04 00:21:08;25.01
2018/12/04 00:21:48;26.08
2018/12/04 00:22:28;26.29
2018/12/04 00:23:08;26.29
2018/12/04 00:23:48;26.29
2018/12/04 00:24:28;26.29
2018/12/04 00:25:08;25.01
2018/12/04 00:25:48;26.29
2018/12/04 00:26:28;26.29
2018/12/04 00:27:08;25.01
2018/12/04 00:27:48;26.29
2018/12/04 00:28:28;26.29
2018/12/04 00:29:08;26.29
2018/12/04 00:29:48;26.29
2018/12/04 00:30:28;25.01
2018/12/04 00:31:08;26.29
2018/12/04 00:31:48;26.29
2018/12/04 00:32:28;26.08
2018/12/04 00:33:08;26.29
2018/12/04 00:33:48;25.01
2018/12/04 00:34:28;26.29
2018/12/04 00:35:08;26.50
2018/12/04 00:35:48;25.23
2018/12/04 00:36:28;26.29
2018/12/04 00:37:08;25.01
2018/12/04 00:37:48;25.87
2018/12/04 00:38:28;26.29
2018/12/04 00:39:08;26.29
2018/12/04 00:39:48;25.01
2018/12/04 00:40:28;26.29
2018/12/04 00:41:08;25.23
2018/12/04 00:41:48;26.29
2018/12/04 00:42:28;25.01
2018/12/04 01:01:08;25.01
2018/12/04 01:01:48;25.87
2018/12/04 01:02:28;26.29
2018/12/04 01:03:08;26.29
2018/12/04 01:03:48;26.29
2018/12/04 01:04:28;26.29
2018/12/04 01:05:08;25.01
2018/12/04 01:05:48;25.01
2018/12/04 01:06:28;25.01
2018/12/04 01:07:08;25.01
2018/12/04 01:07:48;26.29
2018/12/04 01:08:28;26.50
2018/12/04 01:09:08;26.29
2018/12/04 01:09:48;25.01
2018/12/04 01:10:28;25.01
2018/12/04 01:11:08;26.29
2018/12/04 01:11:48;26.29
2018/12/04 01:12:28;25.87
2018/12/04 01:13:08;25.01
2018/12/04 01:13:48;26.29
2018/12/04 01:14:28;26.29
2018/12/04 01:15:08;26.29
2018/12/04 01:15:48;25.01
2018/12/04 01:16:28;26.29
2018/12/04 01:17:08;26.29
2018/12/04 01:17:48;25.87
2018/12/04 01:18:28;26.29
2018/12/04 01:19:08;26.29
2018/12/04 01:19:48;25.01
2018/12/04 01:20:28;26.29
2018/12/04 01:21:08;25.01
2018/12/04 01:21:48;25.01
2018/12/04 01:22:28;26.29
2018/12/04 01:23:08;25.01
2018/12/04 01:23:48;26.29
2018/12/04 01:24:28;26.29
2018/12/04 01:25:08;25.01
2018/12/04 01:25:48;26.29
2018/12/04 01:26:28;25.01
2018/12/04 01:27:08;26.29
2018/12/04 01:27:48;25.01
2018/12/04 01:28:28;25.01
2018/12/04 01:29:08;26.29
2018/12/04 01:29:48;26.29
2018/12/04 01:30:28;25.01
2018/12/04 01:31:08;26.29
2018/12/04 01:31:48;25.01
2018/12/04 01:32:28;25.01
2018/12/04 01:33:08;25.01
2018/12/04 01:33:48;25.66
2018/12/04 01:34:28;26.29
2018/12/04 01:35:08;26.29
2018/12/04 01:35:48;26.29
2018/12/04 01:36:28;25.01
2018/12/04 01:37:08;25.01
2018/12/04 01:37:48;26.29
2018/12/04 01:38:28;26.29
2018/12/04 01:39:08;25.66
2018/12/04 01:39:48;26.29
2018/12/04 01:40:28;25.01
2018/12/04 01:41:08;26.29
2018/12/04 01:41:48;26.29
2018/12/04 01:42:28;25.01
2018/12/04 01:43:08;26.50
2018/12/04 01:43:48;26.29
2018/12/04 01:44:28;25.44
2018/12/04 01:45:08;26.29
2018/12/04 01:45:48;26.29
2018/12/04 01:46:28;26.29
2018/12/04 01:47:08;26.29
2018/12/04 01:47:48;25.01
2018/12/04 01:48:28;25.01
2018/12/04 01:49:08;26.29
2018/12/04 01:49:48;25.01
2018/12/04 01:50:28;26.29
2018/12/04 01:51:08;26.29
2018/12/04 01:51:48;26.29
2018/12/04 01:52:28;25.01
2018/12/04 01:53:08;25.01
2018/12/04 01:53:48;26.50
2018/12/04 01:54:28;25.01
2018/12/04 01:55:08;25.44
2018/12/04 01:55:48;26.29
2018/12/04 01:56:28;26.29
2018/12/04 01:57:08;26.29
2018/12/04 01:57:48;26.08
2018/12/04 01:58:28;25.01
2018/12/04 01:59:08;26.29
2018/12/04 01:59:48;26.29
2018/12/04 02:00:28;25.44
2018/12/04 02:01:08;26.29
2018/12/04 02:01:48;26.29
2018/12/04 02:02:28;26.29
2018/12/04 02:03:08;26.29
2018/12/04 02:03:48;25.01
2018/12/04 02:04:28;26.29
2018/12/04 02:05:08;26.29
2018/12/04 02:05:48;25.44
2018/12/04 02:06:28;26.50
2018/12/04 02:07:08;26.29
2018/12/04 02:07:48;26.08
2018/12/04 02:08:28;26.29
2018/12/04 02:09:08;26.29
2018/12/04 02:09:48;26.29
2018/12/04 02:10:28;26.29
2018/12/04 02:11:08;25.01
2018/12/04 02:11:48;26.29
2018/12/04 02:12:28;25.01
2018/12/04 02:13:08;25.01
2018/12/04 02:13:48;26.29
2018/12/04 02:14:28;26.29
2018/12/04 02:15:08;26.29
2018/12/04 02:15:48;26.29
2018/12/04 02:16:28;25.01
2018/12/04 02:17:08;26.29
2018/12/04 02:17:48;26.29
2018/12/04 02:18:28;26.08
2018/12/04 02:19:08;26.29
2018/12/04 02:19:48;26.29
2018/12/04 02:20:28;26.29
2018/12/04 02:21:08;26.29
2018/12/04 02:21:48;25.01
2018/12/04 02:22:28;26.29
2018/12/04 02:23:08;26.29
2018/12/04 02:23:48;25.23
2018/12/04 02:24:28;26.29
2018/12/04 02:25:08;25.01
2018/12/04 02:25:48;25.01
2018/12/04 02:26:28;26.29
2018/12/04 02:27:08;25.01
2018/12/04 02:27:48;26.29
2018/12/04 02:28:28;25.01
2018/12/04 02:29:08;26.08
2018/12/04 02:29:48;26.29
2018/12/04 02:30:28;25.01
2018/12/04 02:31:08;26.29
2018/12/04 02:31:48;26.29
2018/12/04 02:32:28;25.01
2018/12/04 02:33:08;26.29
2018/12/04 02:33:48;26.50
2018/12/04 02:34:28;26.08
2018/12/04 02:35:08;25.01
2018/12/04 02:35:48;26.29
2018/12/04 02:36:28;26.29
2018/12/04 02:37:08;26.29
2018/12/04 02:37:48;25.01
2018/12/04 02:38:28;26.29
2018/12/04 02:39:08;26.29
2018/12/04 02:39:48;25.87
2018/12/04 02:40:28;26.29
2018/12/04 02:41:08;26.29
2018/12/04 02:41:48;26.29
2018/12/04 02:42:28;26.50
2018/12/04 02:43:08;25.01
2018/12/04 02:43:48;26.50
2018/12/04 02:44:28;26.29
2018/12/04 02:45:09;25.87
2018/12/04 02:45:48;26.29
2018/12/04 02:46:28;26.29
2018/12/04 02:47:08;26.29
2018/12/04 02:47:48;26.29
2018/12/04 02:48:28;25.01
2018/12/04 02:49:08;26.50
2018/12/04 02:49:48;26.29
2018/12/04 02:50:28;25.87
2018/12/04 02:51:08;26.29
2018/12/04 02:51:48;26.29
2018/12/04 02:52:28;25.01
2018/12/04 02:53:08;26.50
2018/12/04 02:53:48;25.01
2018/12/04 02:54:28;25.01
2018/12/04 02:55:08;25.01
2018/12/04 02:55:48;25.87
2018/12/04 02:56:28;26.29
2018/12/04 02:57:08;26.29
2018/12/04 02:57:48;26.29
2018/12/04 02:58:28;26.29
2018/12/04 02:59:08;25.01
2018/12/04 02:59:48;25.01
2018/12/04 03:00:28;26.29
2018/12/04 03:01:08;25.87
2018/12/04 03:01:48;26.29
2018/12/04 03:02:28;25.01
2018/12/04 03:03:08;26.29
2018/12/04 03:03:48;26.29
2018/12/04 03:04:28;25.01
2018/12/04 03:05:08;26.29
2018/12/04 03:05:48;26.50
2018/12/04 03:06:28;25.66
2018/12/04 03:07:08;26.08
2018/12/04 03:07:48;26.50
2018/12/04 03:08:28;26.29
2018/12/04 03:09:08;25.01
2018/12/04 03:09:48;25.01
2018/12/04 03:10:28;26.29
2018/12/04 03:11:08;26.29
2018/12/04 03:11:48;25.87
2018/12/04 03:12:28;26.29
2018/12/04 03:13:08;25.01
2018/12/04 03:13:48;26.29
2018/12/04 03:14:28;26.29
2018/12/04 03:15:08;25.01
2018/12/04 03:15:48;26.29
2018/12/04 03:16:28;26.29
2018/12/04 03:17:09;25.66
2018/12/04 03:17:48;26.29
2018/12/04 03:18:28;25.01
2018/12/04 03:19:08;26.29
2018/12/04 03:19:48;26.29
2018/12/04 03:20:28;25.01
2018/12/04 03:21:08;26.29
2018/12/04 03:21:48;25.01
2018/12/04 03:22:28;25.66
2018/12/04 03:23:08;26.29
2018/12/04 03:23:48;26.29
2018/12/04 03:24:28;26.29
2018/12/04 03:25:08;26.29
2018/12/04 03:25:48;25.01
2018/12/04 03:26:28;26.29
2018/12/04 03:27:08;26.29
2018/12/04 03:27:49;25.66
2018/12/04 03:28:28;26.29
2018/12/04 03:29:08;26.50
2018/12/04 03:29:48;26.29
2018/12/04 03:30:28;26.29
2018/12/04 03:31:08;25.01
2018/12/04 03:31:48;25.01
2018/12/04 03:32:28;26.29
2018/12/04 03:33:08;25.44
2018/12/04 03:33:48;26.29
2018/12/04 03:34:28;25.01
2018/12/04 03:35:08;26.29
2018/12/04 03:35:48;26.29
2018/12/04 03:36:28;25.01
2018/12/04 03:37:09;25.01
2018/12/04 03:37:49;25.01
2018/12/04 03:38:29;25.44
2018/12/04 03:39:08;25.23
2018/12/04 03:39:48;25.01
2018/12/04 03:40:28;26.29
2018/12/04 03:41:08;26.29
2018/12/04 03:41:48;25.01
2018/12/04 03:42:28;26.29
2018/12/04 03:43:08;26.29
2018/12/04 03:43:48;25.01
2018/12/04 03:44:28;26.29
2018/12/04 03:45:08;26.29
2018/12/04 03:45:49;26.08
2018/12/04 03:46:28;26.29
2018/12/04 03:47:09;25.01
2018/12/04 03:47:49;26.29
2018/12/04 03:48:29;26.29
2018/12/04 03:49:09;25.01
2018/12/04 03:49:48;26.29
2018/12/04 03:50:28;26.29
2018/12/04 03:51:08;25.01
2018/12/04 03:51:49;26.29
2018/12/04 03:52:28;26.29
2018/12/04 03:53:08;26.50
2018/12/04 03:53:48;26.29
2018/12/04 03:54:28;25.01
2018/12/04 03:55:09;26.29
2018/12/04 03:55:48;26.50
2018/12/04 03:56:28;26.29
2018/12/04 03:57:08;26.29
2018/12/04 03:57:49;26.29
2018/12/04 03:58:29;26.29
2018/12/04 03:59:09;26.29
2018/12/04 03:59:49;25.01
2018/12/04 04:00:28;26.29
2018/12/04 04:01:08;26.50
2018/12/04 04:01:48;26.08
2018/12/04 04:02:29;26.29
2018/12/04 04:03:08;26.50
2018/12/04 04:03:49;25.01
2018/12/04 04:04:28;26.29
2018/12/04 04:05:09;25.01
2018/12/04 04:05:49;26.29
2018/12/04 04:06:29;26.29
2018/12/04 04:07:08;25.01
2018/12/04 04:07:48;26.29
2018/12/04 04:08:29;26.29
2018/12/04 04:09:09;26.50
2018/12/04 04:09:49;26.29
2018/12/04 04:10:29;25.01
2018/12/04 04:11:08;26.29
2018/12/04 04:11:48;26.29
2018/12/04 04:12:29;26.08
2018/12/04 04:13:08;26.29
2018/12/04 04:13:48;26.29
2018/12/04 04:14:30;25.01
2018/12/04 04:15:09;26.29
2018/12/04 04:15:49;25.01
2018/12/04 04:16:29;25.01
2018/12/04 04:17:09;26.29
2018/12/04 04:17:49;26.08
2018/12/04 04:18:29;26.29
2018/12/04 04:19:09;26.29
2018/12/04 04:19:51;26.29
2018/12/04 04:20:29;26.29
2018/12/04 04:21:09;25.01
2018/12/04 04:21:49;26.29
2018/12/04 04:22:29;26.29
2018/12/04 04:23:09;25.87
2018/12/04 04:23:49;26.29
2018/12/04 04:24:28;25.01
2018/12/04 04:25:09;26.29
2018/12/04 04:25:49;26.29
2018/12/04 04:26:29;25.01
2018/12/04 04:27:09;26.29
2018/12/04 04:27:49;25.01
2018/12/04 04:28:29;25.87
2018/12/04 04:29:09;26.29
2018/12/04 04:29:49;26.29
2018/12/04 04:30:29;26.29
2018/12/04 04:31:09;25.87
2018/12/04 04:31:49;25.01
2018/12/04 04:32:29;26.29
2018/12/04 04:33:09;25.23
2018/12/04 04:33:49;25.87
2018/12/04 04:34:29;26.29
2018/12/04 04:35:09;26.29
2018/12/04 04:35:49;26.29
2018/12/04 04:36:29;26.29
2018/12/04 04:37:09;25.01
2018/12/04 04:37:49;26.29
2018/12/04 04:38:29;26.29
2018/12/04 04:39:09;25.87
2018/12/04 04:39:49;26.29
2018/12/04 04:40:29;25.01
2018/12/04 04:41:09;26.29
2018/12/04 04:41:49;26.29
2018/12/04 04:42:29;25.23
2018/12/04 04:43:09;26.29
2018/12/04 04:43:49;26.29
2018/12/04 04:44:29;25.87
2018/12/04 04:45:09;26.29
2018/12/04 04:45:49;25.01
2018/12/04 04:46:29;26.29
2018/12/04 04:47:09;26.29
2018/12/04 04:47:49;25.01
2018/12/04 04:48:29;26.29
2018/12/04 04:49:09;26.29
2018/12/04 04:49:49;25.87
2018/12/04 04:50:29;26.29
2018/12/04 04:51:09;26.29
2018/12/04 04:51:49;26.29
2018/12/04 04:52:29;26.29
2018/12/04 04:53:09;25.01
2018/12/04 04:53:49;26.29
2018/12/04 04:54:29;26.29
2018/12/04 04:55:09;25.66
2018/12/04 04:55:49;26.29
2018/12/04 04:56:29;26.29
2018/12/04 04:57:09;26.29
2018/12/04 04:57:49;26.29
2018/12/04 04:58:29;25.01
2018/12/04 05:16:29;26.29
2018/12/04 05:17:09;25.01
2018/12/04 05:17:49;26.29
2018/12/04 05:18:29;26.29
2018/12/04 05:19:09;25.87
2018/12/04 05:19:49;26.29
2018/12/04 05:20:29;26.29
2018/12/04 05:21:09;26.29
2018/12/04 05:21:49;25.01
2018/12/04 05:22:29;25.01
2018/12/04 05:23:09;26.29
2018/12/04 05:23:49;26.29
2018/12/04 05:24:29;25.66
2018/12/04 05:25:09;26.29
2018/12/04 05:25:49;26.29
2018/12/04 05:26:29;25.01
2018/12/04 05:27:09;26.29
2018/12/04 05:27:49;25.01
2018/12/04 05:28:29;26.29
2018/12/04 05:29:09;26.29
2018/12/04 05:29:49;25.66
2018/12/04 05:30:29;26.50
2018/12/04 05:31:09;26.29
2018/12/04 05:31:49;26.29
2018/12/04 05:32:29;26.29
2018/12/04 05:33:09;25.01
2018/12/04 05:33:49;26.29
2018/12/04 05:34:29;26.29
2018/12/04 05:35:09;25.66
2018/12/04 05:35:49;26.29
2018/12/04 05:36:29;26.29
2018/12/04 05:37:09;26.29
2018/12/04 05:37:49;26.29
2018/12/04 05:38:29;25.01
2018/12/04 05:39:09;25.01
2018/12/04 05:39:49;26.29
2018/12/04 05:40:29;25.66
2018/12/04 05:41:09;25.01
2018/12/04 05:41:49;26.29
2018/12/04 05:42:29;26.29
2018/12/04 05:43:09;26.29
2018/12/04 05:43:49;25.01
2018/12/04 05:44:29;26.29
2018/12/04 05:45:09;26.29
2018/12/04 05:45:49;25.66
2018/12/04 05:46:29;26.29
2018/12/04 05:47:09;26.29
2018/12/04 05:47:49;25.01
2018/12/04 05:48:29;26.29
2018/12/04 05:49:09;25.01
2018/12/04 05:49:49;26.29
2018/12/04 05:50:29;26.29
2018/12/04 05:51:09;25.44
2018/12/04 05:51:49;26.29
2018/12/04 05:52:29;26.29
2018/12/04 05:53:09;26.29
2018/12/04 05:53:49;25.01
2018/12/04 05:54:29;25.01
2018/12/04 05:55:09;26.29
2018/12/04 05:55:49;26.29
2018/12/04 05:56:29;25.01
2018/12/04 05:57:09;25.01
2018/12/04 05:57:49;26.29
2018/12/04 05:58:29;26.29
2018/12/04 05:59:09;26.29
2018/12/04 05:59:49;25.01
2018/12/04 06:00:29;25.01
2018/12/04 06:01:09;26.29
2018/12/04 06:01:49;25.44
2018/12/04 06:02:29;26.29
2018/12/04 06:03:09;26.29
2018/12/04 06:03:49;26.29
2018/12/04 06:04:29;26.29
2018/12/04 06:05:09;25.01
2018/12/04 06:05:49;26.29
2018/12/04 06:06:29;26.29
2018/12/04 06:07:09;25.01
2018/12/04 06:07:49;26.29
2018/12/04 06:08:29;26.29
2018/12/04 06:09:09;26.29
2018/12/04 06:09:49;25.01
2018/12/04 06:10:29;26.29
2018/12/04 06:11:09;26.50
2018/12/04 06:11:49;26.29
2018/12/04 06:12:29;25.01
2018/12/04 06:13:09;26.29
2018/12/04 06:13:49;26.29
2018/12/04 06:14:29;26.08
2018/12/04 06:15:09;26.29
2018/12/04 06:15:49;26.29
2018/12/04 06:16:29;26.29
2018/12/04 06:17:09;26.29
2018/12/04 06:17:49;25.01
2018/12/04 06:18:29;26.29
2018/12/04 06:19:09;26.29
2018/12/04 06:19:49;26.08
2018/12/04 06:20:29;26.29
2018/12/04 06:21:09;26.29
2018/12/04 06:21:49;26.29
2018/12/04 06:22:29;25.01
2018/12/04 06:23:09;25.01
2018/12/04 06:23:49;26.29
2018/12/04 06:24:29;26.29
2018/12/04 06:25:09;26.08
2018/12/04 06:25:49;26.29
2018/12/04 06:26:29;26.29
2018/12/04 06:27:09;26.29
2018/12/04 06:27:49;26.29
2018/12/04 06:28:29;25.01
2018/12/04 06:29:09;26.29
2018/12/04 06:29:49;26.29
2018/12/04 06:30:29;26.08
2018/12/04 06:31:09;26.29
2018/12/04 06:31:49;25.01
2018/12/04 06:32:29;26.29
2018/12/04 06:33:09;26.29
2018/12/04 06:33:49;25.01
2018/12/04 06:34:29;26.29
2018/12/04 06:35:09;26.29
2018/12/04 06:35:49;26.08
2018/12/04 06:36:29;26.29
2018/12/04 06:37:09;25.01
2018/12/04 06:37:49;26.29
2018/12/04 06:38:29;26.29
2018/12/04 06:39:09;25.01
2018/12/04 06:39:49;26.29
2018/12/04 06:40:29;26.29
2018/12/04 06:41:09;26.08
2018/12/04 06:41:49;26.29
2018/12/04 06:42:29;25.01
2018/12/04 06:43:09;26.29
2018/12/04 06:43:49;25.87
2018/12/04 06:44:29;25.01
2018/12/04 06:45:09;26.29
2018/12/04 06:45:49;26.29
2018/12/04 06:46:29;25.87
2018/12/04 06:47:09;26.29
2018/12/04 06:47:49;26.50
2018/12/04 06:48:29;26.29
2018/12/04 06:49:09;26.29
2018/12/04 06:49:49;25.01
2018/12/04 06:50:29;26.29
2018/12/04 06:51:09;26.29
2018/12/04 06:51:49;26.08
2018/12/04 06:52:29;26.29
2018/12/04 06:53:09;26.29
2018/12/04 06:53:49;26.29
2018/12/04 06:54:29;26.29
2018/12/04 06:55:09;25.01
2018/12/04 06:55:49;26.29
2018/12/04 06:56:29;25.01
2018/12/04 06:57:09;25.87
2018/12/04 06:57:49;26.29
2018/12/04 06:58:29;26.29
2018/12/04 06:59:09;26.29
2018/12/04 06:59:49;26.29
2018/12/04 07:00:29;25.01
2018/12/04 07:01:09;26.29
2018/12/04 07:01:49;26.29
2018/12/04 07:02:29;25.87
2018/12/04 07:03:09;26.29
2018/12/04 07:03:49;26.29
2018/12/04 07:04:29;26.29
2018/12/04 07:05:09;25.01
2018/12/04 07:05:49;25.01
2018/12/04 07:06:29;24.79
2018/12/04 07:07:09;25.01
2018/12/04 07:07:49;25.87
2018/12/04 07:08:29;26.29
2018/12/04 07:09:09;26.29
2018/12/04 07:09:49;25.01
2018/12/04 07:10:29;26.29
2018/12/04 07:11:09;24.79
2018/12/04 07:11:49;25.01
2018/12/04 07:12:29;25.01
2018/12/04 07:13:09;25.66
2018/12/04 07:13:49;26.29
2018/12/04 07:14:29;26.29
2018/12/04 07:15:09;26.29
2018/12/04 07:15:49;26.29
2018/12/04 07:16:29;25.01
2018/12/04 07:17:09;26.29
2018/12/04 07:17:49;26.29
2018/12/04 07:18:29;25.66
2018/12/04 07:19:09;25.01
2018/12/04 07:19:49;26.29
2018/12/04 07:20:29;26.50
2018/12/04 07:21:09;25.01
2018/12/04 07:21:49;25.23
2018/12/04 07:22:29;26.29
2018/12/04 07:23:09;26.29
2018/12/04 07:23:49;25.66
2018/12/04 07:24:29;26.29
2018/12/04 07:25:09;26.29
2018/12/04 07:25:49;26.29
2018/12/04 07:26:29;26.29
2018/12/04 07:27:09;25.01
2018/12/04 07:27:49;26.29
2018/12/04 07:28:29;26.29
2018/12/04 07:29:09;25.66
2018/12/04 07:29:49;26.29
2018/12/04 07:30:29;26.29
2018/12/04 07:31:09;26.29
2018/12/04 07:31:49;26.29
2018/12/04 07:32:29;25.01
2018/12/04 07:33:09;26.29
2018/12/04 07:33:49;25.01
2018/12/04 07:34:29;25.66
2018/12/04 07:35:09;26.29
2018/12/04 07:35:49;26.29
2018/12/04 07:36:29;26.29
2018/12/04 07:37:09;26.29
2018/12/04 07:37:49;25.01
2018/12/04 07:38:29;25.01
2018/12/04 07:39:09;26.29
2018/12/04 07:39:49;25.66
2018/12/04 07:40:29;26.29
2018/12/04 07:41:09;26.29
2018/12/04 07:41:49;26.29
2018/12/04 07:42:29;25.23
2018/12/04 07:43:09;25.01
2018/12/04 07:43:50;26.29
2018/12/04 07:44:29;26.29
2018/12/04 07:45:09;25.01
2018/12/04 07:45:49;26.29
2018/12/04 07:46:29;25.01
2018/12/04 07:47:09;25.01
2018/12/04 07:47:49;26.08
2018/12/04 07:48:29;25.01
2018/12/04 07:49:09;26.29
2018/12/04 07:49:49;25.01
2018/12/04 07:50:29;25.44
2018/12/04 07:51:09;25.01
2018/12/04 07:51:49;26.29
2018/12/04 07:52:29;26.29
2018/12/04 07:53:09;26.29
2018/12/04 07:53:49;25.01
2018/12/04 07:54:29;26.29
2018/12/04 07:55:09;26.29
2018/12/04 07:55:49;25.44
2018/12/04 07:56:29;26.29
2018/12/04 07:57:09;26.29
2018/12/04 07:57:49;26.29
2018/12/04 07:58:29;26.29
2018/12/04 07:59:09;25.01
2018/12/04 07:59:49;26.29
2018/12/04 08:00:29;25.01
2018/12/04 08:01:09;25.01
2018/12/04 08:01:49;26.29
2018/12/04 08:02:29;26.29
2018/12/04 08:03:09;26.29
2018/12/04 08:03:49;26.29
2018/12/04 08:04:29;26.29
2018/12/04 08:05:09;25.01
2018/12/04 08:05:49;25.01
2018/12/04 08:06:29;25.01
2018/12/04 08:07:09;25.01
2018/12/04 08:07:49;25.01
2018/12/04 08:08:29;26.08
2018/12/04 08:09:09;26.29
2018/12/04 08:09:49;26.29
2018/12/04 08:10:29;25.01
2018/12/04 08:11:09;25.01
2018/12/04 08:11:49;25.01
2018/12/04 08:12:29;25.01
2018/12/04 08:13:09;25.01
2018/12/04 08:13:49;25.01
2018/12/04 08:14:29;25.01
2018/12/04 08:15:09;25.01
2018/12/04 08:15:49;26.29
2018/12/04 08:16:29;25.01
2018/12/04 08:17:09;25.01
2018/12/04 08:17:49;26.29
2018/12/04 08:18:29;25.01
2018/12/04 08:19:09;25.01
2018/12/04 08:19:49;26.29
2018/12/04 08:20:29;26.29
2018/12/04 08:21:09;26.29
2018/12/04 08:21:49;26.29
2018/12/04 08:22:29;25.01
2018/12/04 08:23:09;26.29
2018/12/04 08:23:49;26.29
2018/12/04 08:24:29;25.01
2018/12/04 08:25:09;26.29
2018/12/04 08:25:49;26.29
2018/12/04 08:26:29;25.01
2018/12/04 08:27:09;26.29
2018/12/04 08:27:49;25.01
2018/12/04 08:28:43;26.29
2018/12/04 08:29:09;25.01
2018/12/04 08:29:49;25.87
2018/12/04 08:30:29;26.29
2018/12/04 08:31:09;25.01
2018/12/04 08:31:49;26.29
2018/12/04 08:32:29;26.29
2018/12/04 08:33:10;25.01
2018/12/04 08:33:49;26.29
2018/12/04 08:34:29;26.29
2018/12/04 08:35:09;25.87
2018/12/04 08:35:49;26.29
2018/12/04 08:36:29;25.01
2018/12/04 08:37:10;25.01
2018/12/04 08:37:49;26.29
2018/12/04 08:38:29;25.01
2018/12/04 08:39:09;25.23
2018/12/04 08:39:49;26.50
2018/12/04 08:40:29;25.87
2018/12/04 08:41:09;25.01
2018/12/04 08:41:49;26.29
2018/12/04 08:42:29;26.29
2018/12/04 08:43:09;25.01
2018/12/04 08:43:49;25.01
2018/12/04 08:44:29;26.29
2018/12/04 08:45:09;26.29
2018/12/04 08:45:49;25.66
2018/12/04 08:46:29;25.01
2018/12/04 08:47:09;25.01
2018/12/04 08:47:49;26.29
2018/12/04 08:48:29;25.01
2018/12/04 08:49:09;25.01
2018/12/04 08:49:49;26.29
2018/12/04 08:50:29;25.01
2018/12/04 08:51:09;25.01
2018/12/04 08:51:50;25.01
2018/12/04 08:52:29;25.01
2018/12/04 08:53:09;25.01
2018/12/04 08:53:49;26.29
2018/12/04 08:54:29;25.01
2018/12/04 08:55:09;25.01
2018/12/04 08:55:49;26.29
2018/12/04 08:56:29;25.01
2018/12/04 08:57:09;25.01
2018/12/04 08:57:49;26.29
2018/12/04 08:58:29;26.29
2018/12/04 08:59:09;25.23
2018/12/04 08:59:49;25.01
2018/12/04 09:00:29;25.01
2018/12/04 09:01:09;25.01
2018/12/04 09:01:49;25.66
2018/12/04 09:02:29;26.29
2018/12/04 09:03:09;25.01
2018/12/04 09:03:49;26.29
2018/12/04 09:04:29;25.01
2018/12/04 09:05:09;25.01
2018/12/04 09:05:49;25.01
2018/12/04 09:06:29;26.29
2018/12/04 09:07:09;25.01
2018/12/04 09:07:49;26.29
2018/12/04 09:08:29;26.29
2018/12/04 09:09:09;26.29
2018/12/04 09:09:49;26.29
2018/12/04 09:10:29;25.01
2018/12/04 09:11:09;26.29
2018/12/04 09:25:49;25.87
2018/12/04 09:26:29;26.29
2018/12/04 09:27:12;26.29
2018/12/04 09:27:49;25.01
2018/12/04 09:28:29;25.01
2018/12/04 09:29:09;25.01
2018/12/04 09:29:49;25.01
2018/12/04 09:30:29;25.01
2018/12/04 09:31:10;25.66
2018/12/04 09:31:49;26.29
2018/12/04 09:32:29;25.01
2018/12/04 09:33:09;26.29
2018/12/04 09:33:52;25.23
2018/12/04 09:34:29;25.01
2018/12/04 09:35:12;26.29
2018/12/04 09:35:49;25.01
2018/12/04 09:36:29;25.66
2018/12/04 09:37:09;25.01
2018/12/04 09:37:49;26.29
2018/12/04 09:38:29;25.01
2018/12/04 09:39:10;25.01
2018/12/04 09:39:49;25.01
2018/12/04 09:40:29;25.01
2018/12/04 09:41:09;25.01
2018/12/04 09:41:49;25.44
2018/12/04 09:42:29;25.01
2018/12/04 09:43:09;25.01
2018/12/04 09:43:49;26.29
2018/12/04 09:44:29;25.01
2018/12/04 09:45:09;25.01
2018/12/04 09:45:49;26.29
2018/12/04 09:46:29;25.01
2018/12/04 09:47:09;25.01
2018/12/04 09:47:49;26.29
2018/12/04 09:48:29;26.29
2018/12/04 09:49:09;26.29
2018/12/04 09:49:49;25.87
2018/12/04 09:50:29;25.01
2018/12/04 09:51:10;25.01
2018/12/04 09:51:49;26.29
2018/12/04 09:52:29;25.01
2018/12/04 09:53:09;26.29
2018/12/04 09:53:49;25.01
2018/12/04 09:54:29;26.29
2018/12/04 09:55:09;25.01
2018/12/04 09:55:49;25.01
2018/12/04 09:56:29;26.29
2018/12/04 09:57:09;25.01
2018/12/04 09:57:49;25.01
2018/12/04 09:58:31;26.29
2018/12/04 09:59:09;26.29
2018/12/04 09:59:49;25.01
2018/12/04 10:00:29;26.29
2018/12/04 10:01:09;25.01
2018/12/04 10:01:49;25.01
2018/12/04 10:02:29;25.01
2018/12/04 10:03:11;25.23
2018/12/04 10:03:49;26.50
2018/12/04 10:04:29;25.01
2018/12/04 10:05:09;25.01
2018/12/04 10:05:49;25.01
2018/12/04 10:06:29;25.01
2018/12/04 10:07:11;25.01
2018/12/04 10:07:49;26.29
2018/12/04 10:08:29;25.23
2018/12/04 10:09:09;25.01
2018/12/04 10:09:49;25.01
2018/12/04 10:10:29;26.29
2018/12/04 10:11:09;25.23
2018/12/04 10:11:49;25.01
2018/12/04 10:12:29;25.01
2018/12/04 10:13:09;25.01
2018/12/04 10:13:49;25.01
2018/12/04 10:14:29;26.29
2018/12/04 10:15:09;25.01
2018/12/04 10:15:49;26.08
2018/12/04 10:16:29;25.01
2018/12/04 10:17:09;25.01
2018/12/04 10:17:49;25.01
2018/12/04 10:18:29;25.01
2018/12/04 10:19:09;25.01
2018/12/04 10:19:49;26.29
2018/12/04 10:20:29;26.29
2018/12/04 10:21:09;25.87
2018/12/04 10:21:49;25.01
2018/12/04 10:22:29;25.01
2018/12/04 10:23:09;25.01
2018/12/04 10:23:49;25.01
2018/12/04 10:24:29;25.01
2018/12/04 10:25:09;26.50
2018/12/04 10:25:49;26.29
2018/12/04 10:26:29;25.87
2018/12/04 10:27:09;26.29
2018/12/04 10:27:49;25.01
2018/12/04 10:28:29;26.29
2018/12/04 10:29:09;25.01
2018/12/04 10:29:49;25.01
2018/12/04 10:30:29;26.29
2018/12/04 10:31:09;25.01
2018/12/04 10:31:49;26.08
2018/12/04 10:32:29;26.29
2018/12/04 10:33:09;25.01
2018/12/04 10:33:49;26.29
2018/12/04 10:34:29;26.29
2018/12/04 10:35:09;25.01
2018/12/04 10:35:49;26.29
2018/12/04 10:36:29;25.23
2018/12/04 10:37:09;25.01
2018/12/04 10:37:49;25.01
2018/12/04 10:38:29;26.29
2018/12/04 10:39:09;25.01
2018/12/04 10:39:49;26.29
2018/12/04 10:40:29;25.01
2018/12/04 10:41:09;26.29
2018/12/04 10:41:49;26.29
2018/12/04 10:42:29;25.87
2018/12/04 10:43:09;26.29
2018/12/04 10:43:49;25.01
2018/12/04 10:44:29;25.01
2018/12/04 10:45:09;25.01
2018/12/04 10:45:49;25.01
2018/12/04 10:46:30;25.01
2018/12/04 10:47:09;25.01
2018/12/04 10:47:49;25.87
2018/12/04 10:48:29;25.01
2018/12/04 10:49:09;25.01
2018/12/04 10:49:49;24.79
2018/12/04 10:50:29;25.01
2018/12/04 10:51:09;25.23
2018/12/04 10:51:49;26.29
2018/12/04 10:52:29;25.01
2018/12/04 10:53:09;25.66
2018/12/04 10:53:49;26.29
2018/12/04 10:54:29;26.29
2018/12/04 10:55:09;25.01
2018/12/04 10:55:49;25.01
2018/12/04 10:56:29;25.01
2018/12/04 10:57:09;26.29
2018/12/04 10:57:49;26.29
2018/12/04 10:58:29;25.01
2018/12/04 10:59:09;25.01
2018/12/04 10:59:49;26.50
2018/12/04 11:00:29;25.01
2018/12/04 11:01:09;25.01
2018/12/04 11:01:49;25.01
2018/12/04 11:02:29;26.29
2018/12/04 11:03:09;25.01
2018/12/04 11:03:49;25.66
2018/12/04 11:04:29;25.01
2018/12/04 11:05:09;25.01
2018/12/04 11:05:49;25.01
2018/12/04 11:06:29;26.29
2018/12/04 11:07:09;25.01
2018/12/04 11:07:49;25.23
2018/12/04 11:08:29;25.01
2018/12/04 11:09:09;25.01
2018/12/04 11:09:49;25.01
2018/12/04 11:10:29;25.01
2018/12/04 11:11:09;25.01
2018/12/04 11:11:49;25.01
2018/12/04 11:12:29;25.01
2018/12/04 11:13:10;25.01
2018/12/04 11:13:49;25.01
2018/12/04 11:14:32;25.66
2018/12/04 11:15:09;25.01
2018/12/04 11:15:49;25.23
2018/12/04 11:16:29;26.50
2018/12/04 11:17:09;26.29
2018/12/04 11:17:49;25.01
2018/12/04 11:18:29;26.29
2018/12/04 11:19:09;25.01
2018/12/04 11:19:49;25.44
2018/12/04 11:20:32;25.01
2018/12/04 11:21:09;25.01
2018/12/04 11:21:49;25.01
2018/12/04 11:22:29;26.29
2018/12/04 11:23:09;25.01
2018/12/04 11:23:49;26.29
2018/12/04 11:24:29;25.01
2018/12/04 11:25:09;25.44
2018/12/04 11:25:49;25.01
2018/12/04 11:26:29;25.01
2018/12/04 11:27:09;26.29
2018/12/04 11:27:49;26.29
2018/12/04 11:28:29;25.01
2018/12/04 11:29:09;25.01
2018/12/04 11:29:49;25.01
2018/12/04 11:30:29;25.01
2018/12/04 11:31:10;25.01
2018/12/04 11:31:50;25.01
2018/12/04 11:32:29;26.29
2018/12/04 11:33:09;26.29
2018/12/04 11:33:49;25.01
2018/12/04 11:34:29;26.29
2018/12/04 11:35:09;25.01
2018/12/04 11:35:49;25.01
2018/12/04 11:36:29;25.01
2018/12/04 11:37:09;26.29
2018/12/04 11:37:49;25.01
2018/12/04 11:38:29;26.29
2018/12/04 11:39:09;25.01
2018/12/04 11:39:49;25.01
2018/12/04 11:40:30;25.01
2018/12/04 11:41:09;25.01
2018/12/04 11:41:49;25.01
2018/12/04 11:42:30;26.29
2018/12/04 11:43:09;26.08
2018/12/04 11:43:49;25.01
2018/12/04 11:44:29;25.01
2018/12/04 11:45:09;25.01
2018/12/04 11:45:49;25.23
2018/12/04 11:46:29;25.01
2018/12/04 11:47:09;25.01
2018/12/04 11:47:49;25.01
2018/12/04 11:48:29;26.08
2018/12/04 11:49:09;26.29
2018/12/04 11:49:49;25.01
2018/12/04 11:50:29;26.29
2018/12/04 11:51:09;26.29
2018/12/04 11:51:49;25.23
2018/12/04 11:52:29;26.29
2018/12/04 11:53:09;26.29
2018/12/04 11:53:49;26.08
2018/12/04 11:54:29;26.50
2018/12/04 11:55:09;26.29
2018/12/04 11:55:49;26.29
2018/12/04 11:56:29;26.29
2018/12/04 11:57:09;24.79
2018/12/04 11:57:49;25.01
2018/12/04 11:58:29;25.01
2018/12/04 11:59:09;25.01
2018/12/04 11:59:49;26.29
2018/12/04 12:00:29;25.01
2018/12/04 12:01:09;26.29
2018/12/04 12:01:49;25.01
2018/12/04 12:02:29;25.01
2018/12/04 12:03:09;24.79
2018/12/04 12:03:49;25.01
2018/12/04 12:04:29;25.01
2018/12/04 12:05:09;25.01
2018/12/04 12:05:49;25.01
2018/12/04 12:06:29;26.29
2018/12/04 12:07:09;26.50
2018/12/04 12:07:49;25.01
2018/12/04 12:08:29;25.01
2018/12/04 12:09:10;26.29
2018/12/04 12:09:49;25.87
2018/12/04 12:10:29;25.01
2018/12/04 12:11:09;26.29
2018/12/04 12:11:49;25.01
2018/12/04 12:12:29;25.01
2018/12/04 12:13:09;25.01
2018/12/04 12:13:49;25.01
2018/12/04 12:14:29;25.01
2018/12/04 12:15:09;25.01
2018/12/04 12:15:49;25.23
2018/12/04 12:16:29;25.01
2018/12/04 12:17:09;25.01
2018/12/04 12:17:49;26.29
2018/12/04 12:18:29;25.01
2018/12/04 12:19:09;25.01
2018/12/04 12:19:49;26.29
2018/12/04 12:20:29;25.01
2018/12/04 12:21:09;25.01
2018/12/04 12:21:49;25.01
2018/12/04 12:22:29;26.29
2018/12/04 12:23:09;25.01
2018/12/04 12:23:49;25.23
2018/12/04 12:24:29;25.01
2018/12/04 12:25:09;25.01
2018/12/04 12:25:49;25.66
2018/12/04 12:26:29;26.29
2018/12/04 12:27:09;26.29
2018/12/04 12:27:49;26.29
2018/12/04 12:28:29;26.29
2018/12/04 12:29:09;25.01
2018/12/04 12:29:50;26.29
2018/12/04 12:30:30;25.01
2018/12/04 12:31:12;25.01
2018/12/04 12:31:49;26.29
2018/12/04 12:32:29;25.01
2018/12/04 12:33:09;25.01
2018/12/04 12:33:51;25.01
2018/12/04 12:34:29;25.01
2018/12/04 12:35:09;25.01
2018/12/04 12:35:49;25.01
2018/12/04 12:36:29;25.44
2018/12/04 12:37:09;25.01
2018/12/04 12:37:49;26.29
2018/12/04 12:38:29;26.29
2018/12/04 12:39:09;26.29
2018/12/04 12:39:51;25.01
2018/12/04 12:40:29;26.29
2018/12/04 12:41:09;25.01
2018/12/04 12:41:49;25.66
2018/12/04 12:42:29;26.29
2018/12/04 12:43:09;25.01
2018/12/04 12:43:49;26.29
2018/12/04 12:44:29;26.29
2018/12/04 12:45:09;25.01
2018/12/04 12:45:49;26.29
2018/12/04 12:46:29;26.29
2018/12/04 12:47:09;25.01
2018/12/04 12:47:49;26.29
2018/12/04 12:48:29;26.29
2018/12/04 12:49:09;25.01
2018/12/04 12:49:49;26.29
2018/12/04 12:50:29;25.01
2018/12/04 12:51:09;26.29
2018/12/04 12:51:49;25.23
2018/12/04 12:52:29;25.44
2018/12/04 12:53:09;26.29
2018/12/04 12:53:49;26.29
2018/12/04 12:54:29;25.01
2018/12/04 12:55:09;26.29
2018/12/04 12:55:49;25.23
2018/12/04 12:56:29;26.29
2018/12/04 12:57:09;25.44
2018/12/04 12:57:49;25.44
2018/12/04 12:58:29;25.01
2018/12/04 12:59:09;25.01
2018/12/04 12:59:49;26.29
2018/12/04 13:00:29;25.01
2018/12/04 13:01:09;25.01
2018/12/04 13:01:49;25.01
2018/12/04 13:02:29;26.29
2018/12/04 13:03:09;25.01
2018/12/04 13:03:49;26.29
2018/12/04 13:04:29;26.29
2018/12/04 13:05:09;26.08
2018/12/04 13:05:49;25.01
2018/12/04 13:06:29;26.29
2018/12/04 13:07:09;26.29
2018/12/04 13:07:49;25.01
2018/12/04 13:08:29;25.01
2018/12/04 13:09:09;26.29
2018/12/04 13:09:49;26.29
2018/12/04 13:10:29;26.29
2018/12/04 13:11:09;25.01
2018/12/04 13:11:49;26.50
2018/12/04 13:12:29;26.29
2018/12/04 13:13:10;25.01
2018/12/04 13:13:49;25.01
2018/12/04 13:14:29;25.23
2018/12/04 13:15:09;25.01
2018/12/04 13:15:49;25.01
2018/12/04 13:16:29;26.29
2018/12/04 13:17:09;25.01
2018/12/04 13:17:49;26.29
2018/12/04 13:18:29;26.29
2018/12/04 13:19:12;25.01
2018/12/04 13:19:49;26.29
2018/12/04 13:20:29;26.29
2018/12/04 13:21:09;25.87
2018/12/04 13:21:49;26.29
2018/12/04 13:22:29;26.29
2018/12/04 13:23:09;26.29
2018/12/04 13:23:49;26.29
2018/12/04 13:24:29;25.01
2018/12/04 13:41:09;26.29
2018/12/04 13:41:49;25.01
2018/12/04 13:42:29;26.29
2018/12/04 13:43:09;25.01
2018/12/04 13:43:49;25.01
2018/12/04 13:44:29;26.29
2018/12/04 13:45:09;25.01
2018/12/04 13:45:49;26.29
2018/12/04 13:46:29;25.01
2018/12/04 13:47:09;26.29
2018/12/04 13:47:49;26.29
2018/12/04 13:48:29;25.01
2018/12/04 13:49:09;26.29
2018/12/04 13:49:49;25.01
2018/12/04 13:50:29;25.87
2018/12/04 13:51:09;25.01
2018/12/04 13:51:49;25.01
2018/12/04 13:52:29;26.29
2018/12/04 13:53:09;25.01
2018/12/04 13:53:49;25.01
2018/12/04 13:54:29;26.29
2018/12/04 13:55:10;25.01
2018/12/04 13:55:49;25.87
2018/12/04 13:57:09;24.79
2018/12/04 13:57:49;26.29
2018/12/04 13:58:29;25.23
2018/12/04 13:59:09;25.01
2018/12/04 13:59:51;26.29
2018/12/04 14:00:29;25.01
2018/12/04 14:01:09;25.01
2018/12/04 14:01:51;25.01
2018/12/04 14:02:29;25.01
2018/12/04 14:03:09;25.01
2018/12/04 14:03:49;25.66
2018/12/04 14:04:29;25.01
2018/12/04 14:05:09;25.01
2018/12/04 14:05:49;25.01
2018/12/04 14:06:29;25.01
2018/12/04 14:07:09;25.01
2018/12/04 14:07:49;25.01
2018/12/04 14:08:29;26.29
2018/12/04 14:09:09;25.01
2018/12/04 14:09:49;25.01
2018/12/04 14:10:29;26.29
2018/12/04 14:11:09;25.01
2018/12/04 14:11:49;25.66
2018/12/04 14:12:29;26.29
2018/12/04 14:13:09;26.29
2018/12/04 14:13:51;26.29
2018/12/04 14:14:29;25.01
2018/12/04 14:15:09;25.01
2018/12/04 14:15:51;25.01
2018/12/04 14:16:29;26.29
2018/12/04 14:17:09;25.66
2018/12/04 14:17:49;25.01
2018/12/04 14:18:29;26.29
2018/12/04 14:19:09;25.01
2018/12/04 14:19:49;26.29
2018/12/04 14:20:29;25.01
2018/12/04 14:21:10;25.66
2018/12/04 14:21:49;25.23
2018/12/04 14:22:29;25.01
2018/12/04 14:23:49;25.01
2018/12/04 14:24:29;26.29
2018/12/04 14:25:09;25.01
2018/12/04 14:25:49;24.79
2018/12/04 14:26:29;26.29
2018/12/04 14:27:09;26.29
2018/12/04 14:27:49;25.01
2018/12/04 14:28:29;26.29
2018/12/04 14:29:09;26.29
2018/12/04 14:29:49;26.29
2018/12/04 14:30:31;26.50
2018/12/04 14:31:10;25.01
2018/12/04 14:31:49;25.01
2018/12/04 14:32:29;25.01
